id;first_name;last_name;email;phone;document;created_date
1;Benício;Santos;Alessandra_Reis80@yahoo.com;(47) 27671-6899;who;2026-05-06T23:07:05
2;Ofélia;Santos;Valentina82@gmail.com;(14) 12138-6282;yuck advogado descre;2026-05-07T05:19:52
3;Karla;Franco;Eduardo84@bol.com.br;(82) 4655-6430;once mmm aha;2026-05-06T17:55:13
4;Meire;Nogueira;Liz.Oliveira70@bol.com.br;+55 (38) 9073-6225;carelessly;2026-05-07T06:11:32
5;Murilo;Saraiva;Caua24@yahoo.com;(12) 2139-0771;innocently estranho;2026-05-06T22:23:12
6;Natália;Macedo;MariaEduarda51@bol.com.br;+55 (30) 9381-0968;resistente softly be;2026-05-07T06:38:50
7;Gúbio;Braga;Marina.Batista64@yahoo.com;(38) 73790-8630;before midst questio;2026-05-07T12:11:59
8;Beatriz;Carvalho;Melissa.Souza66@hotmail.com;(03) 2030-8543;excluding gasoso;2026-05-06T20:50:59
9;Júlia;Santos;Marli69@gmail.com;+55 (04) 5990-9276;tightly about memori;2026-05-06T18:51:12
10;Roberta;Saraiva;Joana_Silva8@bol.com.br;(53) 98389-7698;phooey;2026-05-06T23:19:21
11;Anthony;Barros;Yago.Macedo89@live.com;(89) 3636-6019;sopa;2026-05-07T03:54:48
12;Murilo;Franco;Cecilia_Albuquerque10@hotmail.com;+55 (99) 3233-7514;ah meh;2026-05-07T03:35:59
13;Dalila;Macedo;Valentina.Braga6@live.com;(20) 3189-0302;empurrar unabashedly;2026-05-07T16:20:18
14;Suélen;Martins;Felix_Reis61@bol.com.br;(04) 20242-1389;immediately viajar;2026-05-07T06:54:41
15;Félix;Silva;JoaoPedro_Moraes39@live.com;+55 (01) 8341-4431;peixe organizado;2026-05-06T20:09:47
16;Hugo;Braga;Julia65@gmail.com;+55 (26) 6122-6601;with;2026-05-07T11:43:05
17;Ana Clara;Moreira;Felix.Franco@gmail.com;(29) 61845-2426;worth while woot;2026-05-07T14:41:22
18;Maria Eduarda;Silva;Lorenzo44@yahoo.com;(84) 6805-5889;giz;2026-05-07T01:39:43
19;Lorenzo;Carvalho;Pedro.Moraes89@yahoo.com;(57) 2568-0270;instead;2026-05-07T00:58:39
20;Marcos;Macedo;Bryan_Macedo@yahoo.com;+55 (43) 3693-4630;following assistir u;2026-05-06T20:24:47
21;Maitê;Carvalho;Bruna_Pereira@bol.com.br;+55 (01) 4831-7949;rude as;2026-05-07T01:49:27
22;Karla;Batista;Rafaela.Santos@hotmail.com;(90) 54863-1074;gah queasily;2026-05-07T00:43:28
23;Anthony;Xavier;Valentina_Costa34@yahoo.com;(14) 1558-0372;participar ouch regu;2026-05-07T14:22:15
24;Ofélia;Carvalho;Yasmin_Macedo@live.com;(53) 92989-9627;easily hence fechado;2026-05-06T17:28:12
25;Maria Luiza;Costa;EnzoGabriel.Pereira@gmail.com;(89) 30702-4721;however aw beautiful;2026-05-07T04:23:25
26;Vitória;Souza;Vitoria79@hotmail.com;+55 (95) 0630-8912;consciente though cu;2026-05-07T11:25:13
27;Fabrício;Carvalho;Sarah.Macedo@bol.com.br;(66) 86112-2631;suco;2026-05-06T22:04:43
28;Cauã;Santos;MariaEduarda.Santos14@hotmail.com;(25) 1239-4739;beneath;2026-05-06T21:47:14
29;Liz;Carvalho;Beatriz46@gmail.com;(97) 73171-4424;atirar esperar;2026-05-07T02:28:02
30;Natália;Nogueira;Carla86@hotmail.com;(35) 96967-3003;quarrelsomely conseq;2026-05-06T21:22:47
