id;created_date;updated_date
1;2026-05-07T08:46:59;2026-05-06T22:55:00
2;2026-05-07T16:50:15;2026-05-06T19:33:56
3;2026-05-07T14:42:53;2026-05-07T00:20:07
4;2026-05-07T11:37:16;2026-05-07T11:36:19
5;2026-05-07T04:17:59;2026-05-07T08:32:46
6;2026-05-07T16:23:33;2026-05-07T10:14:46
7;2026-05-07T02:41:05;2026-05-07T17:15:19
8;2026-05-07T06:05:09;2026-05-06T21:15:05
9;2026-05-06T20:13:07;2026-05-07T01:58:23
10;2026-05-07T07:34:29;2026-05-07T15:04:15
11;2026-05-07T02:54:40;2026-05-06T19:10:08
12;2026-05-07T03:57:15;2026-05-07T07:26:41
13;2026-05-06T23:23:19;2026-05-06T21:59:19
14;2026-05-07T14:00:12;2026-05-07T01:07:48
15;2026-05-07T14:11:10;2026-05-06T23:52:31
16;2026-05-07T05:53:25;2026-05-07T01:12:11
17;2026-05-06T22:44:22;2026-05-06T20:03:49
18;2026-05-06T21:49:05;2026-05-06T23:48:17
19;2026-05-07T08:29:18;2026-05-07T13:44:36
20;2026-05-06T22:09:59;2026-05-07T07:57:34
21;2026-05-06T17:44:53;2026-05-07T14:15:13
22;2026-05-07T01:42:32;2026-05-06T18:24:22
23;2026-05-06T19:47:52;2026-05-07T04:03:55
24;2026-05-07T00:18:41;2026-05-06T18:23:54
25;2026-05-07T06:34:25;2026-05-07T06:11:21
26;2026-05-06T20:24:19;2026-05-07T15:21:48
27;2026-05-07T08:45:53;2026-05-07T09:01:39
28;2026-05-06T21:28:43;2026-05-07T11:00:34
29;2026-05-07T11:05:54;2026-05-06T19:38:45
30;2026-05-06T22:28:30;2026-05-07T15:24:43
